sofifa_id,player_url,short_name,long_name,age,dob,height_cm,weight_kg,nationality,club,overall,potential,value_eur,wage_eur,player_positions,preferred_foot,international_reputation,weak_foot,skill_moves,work_rate,body_type,real_face,release_clause_eur,player_tags,team_position,team_jersey_number,loaned_from,joined,contract_valid_until,nation_position,nation_jersey_number,pace,shooting,passing,dribbling,defending,physic,gk_diving,gk_handling,gk_kicking,gk_reflexes,gk_speed,gk_positioning,player_traits,attacking_crossing,attacking_finishing,attacking_heading_accuracy,attacking_short_passing,attacking_volleys,skill_dribbling,skill_curve,skill_fk_accuracy,skill_long_passing,skill_ball_control,movement_acceleration,movement_sprint_speed,movement_agility,movement_reactions,movement_balance,power_shot_power,power_jumping,power_stamina,power_strength,power_long_shots,mentality_aggression,mentality_interceptions,mentality_positioning,mentality_vision,mentality_penalties,mentality_composure,defending_marking,defending_standing_tackle,defending_sliding_tackle,goalkeeping_diving,goalkeeping_handling,goalkeeping_kicking,goalkeeping_positioning,goalkeeping_reflexes,ls,st,rs,lw,lf,cf,rf,rw,lam,cam,ram,lm,lcm,cm,rcm,rm,lwb,ldm,cdm,rdm,rwb,lb,lcb,cb,rcb,rb
158023,https://sofifa.com/player/158023/lionel-messi/20/159586,L. Messi,Lionel Andrés Messi Cuccittini,32,1987-06-24,170,72,Argentina,FC Barcelona,94,94,95500000,565000,"RW, CF, ST",Left,5,4,4,Medium/Low,Messi,Yes,195800000,"#Dribbler, #Distance Shooter, #Crosser, #FK Specialist, #Acrobat, #Clinical Finisher, #Complete Forward",RW,10,,2004-07-01,2021,,,87,92,92,96,39,66,,,,,,,"Beat Offside Trap, Argues with Officials, Early Crosser, Finesse Shot, Speed Dribbler (CPU AI Only), 1-on-1 Rush, Giant Throw-in, Outside Foot Shot",88,95,70,92,88,97,93,94,92,96,91,84,93,95,95,86,68,75,68,94,48,40,94,94,75,96,33,37,26,6,11,15,14,8,89+2,89+2,89+2,93+2,93+2,93+2,93+2,93+2,93+2,93+2,93+2,92+2,87+2,87+2,87+2,92+2,68+2,66+2,66+2,66+2,68+2,63+2,52+2,52+2,52+2,63+2
20801,https://sofifa.com/player/20801/c-ronaldo-dos-santos-aveiro/20/159586,Cristiano Ronaldo,Cristiano Ronaldo dos Santos Aveiro,34,1985-02-05,187,83,Portugal,Juventus,93,93,58500000,405000,"ST, LW",Right,5,4,5,High/Low,C. Ronaldo,Yes,96500000,"#Speedster, #Dribbler, #Distance Shooter, #Acrobat, #Clinical Finisher, #Complete Forward",LW,7,,2018-07-10,2022,LS,7,90,93,82,89,35,78,,,,,,,"Long Throw-in, Selfish, Argues with Officials, Early Crosser, Speed Dribbler (CPU AI Only), Skilled Dribbling",84,94,89,83,87,89,81,76,77,92,89,91,87,96,71,95,95,85,78,93,63,29,95,82,85,95,28,32,24,7,11,15,14,11,91+3,91+3,91+3,89+3,90+3,90+3,90+3,89+3,88+3,88+3,88+3,88+3,81+3,81+3,81+3,88+3,65+3,61+3,61+3,61+3,65+3,61+3,53+3,53+3,53+3,61+3
190871,https://sofifa.com/player/190871/neymar-da-silva-santos-jr/20/159586,Neymar Jr,Neymar da Silva Santos Junior,27,1992-02-05,175,68,Brazil,Paris Saint-Germain,92,92,105500000,290000,"LW, CAM",Right,5,5,5,High/Medium,Neymar,Yes,195200000,"#Speedster, #Dribbler, #Playmaker  , #Crosser, #FK Specialist, #Acrobat, #Clinical Finisher, #Complete Midfielder, #Complete Forward",CAM,10,,2017-08-03,2022,LW,10,91,85,87,95,32,58,,,,,,,"Power Free-Kick, Injury Free, Selfish, Early Crosser, Speed Dribbler (CPU AI Only), Crowd Favourite",87,87,62,87,87,96,88,87,81,95,94,89,96,92,84,80,61,81,49,84,51,36,87,90,90,94,27,26,29,9,9,15,15,11,84+3,84+3,84+3,90+3,89+3,89+3,89+3,90+3,90+3,90+3,90+3,89+3,82+3,82+3,82+3,89+3,66+3,61+3,61+3,61+3,66+3,61+3,46+3,46+3,46+3,61+3
200389,https://sofifa.com/player/200389/jan-oblak/20/159586,J. Oblak,Jan Oblak,26,1993-01-07,188,87,Slovenia,Atlético Madrid,91,93,77500000,125000,GK,Right,3,3,1,Medium/Medium,Normal,Yes,164700000,,GK,13,,2014-07-16,2023,GK,1,,,,,,,87,92,78,89,52,90,"Flair, Acrobatic Clearance",13,11,15,43,13,12,13,14,40,30,43,60,67,88,49,59,78,41,78,12,34,19,11,65,11,68,27,12,18,87,92,78,90,89,,,,,,,,,,,,,,,,,,,,,,,,,,
183277,https://sofifa.com/player/183277/eden-hazard/20/159586,E. Hazard,Eden Hazard,28,1991-01-07,175,74,Belgium,Real Madrid,91,91,90000000,470000,"LW, CF",Right,4,4,4,High/Medium,Normal,Yes,184500000,"#Speedster, #Dribbler, #Acrobat",LW,7,,2019-07-01,2024,LF,10,91,83,86,94,35,66,,,,,,,"Beat Offside Trap, Selfish, Finesse Shot, Speed Dribbler (CPU AI Only), Crowd Favourite",81,84,61,89,83,95,83,79,83,94,94,88,95,90,94,82,56,84,63,80,54,41,87,89,88,91,34,27,22,11,12,6,8,8,83+3,83+3,83+3,89+3,88+3,88+3,88+3,89+3,89+3,89+3,89+3,89+3,83+3,83+3,83+3,89+3,66+3,63+3,63+3,63+3,66+3,61+3,49+3,49+3,49+3,61+3
192985,https://sofifa.com/player/192985/kevin-de-bruyne/20/159586,K. De Bruyne,Kevin De Bruyne,28,1991-06-28,181,70,Belgium,Manchester City,91,91,90000000,370000,"CAM, CM",Right,4,5,4,High/High,Normal,Yes,166500000,"#Dribbler, #Playmaker  , #Engine, #Distance Shooter, #Crosser, #Complete Midfielder",RCM,17,,2015-08-30,2023,RCM,7,76,86,92,86,61,78,,,,,,,"Power Free-Kick, Avoids Using Weaker Foot, Dives Into Tackles (CPU AI Only), Leadership, Argues with Officials, Finesse Shot",93,82,55,92,82,86,85,83,91,91,77,76,78,91,76,91,63,89,74,90,76,61,88,94,79,91,68,58,51,15,13,5,10,13,82+3,82+3,82+3,87+3,87+3,87+3,87+3,87+3,88+3,88+3,88+3,88+3,87+3,87+3,87+3,88+3,77+3,77+3,77+3,77+3,77+3,73+3,66+3,66+3,66+3,73+3
192448,https://sofifa.com/player/192448/marc-andre-ter-stegen/20/159586,M. ter Stegen,Marc-André ter Stegen,27,1992-04-30,187,85,Germany,FC Barcelona,90,93,67500000,250000,GK,Right,3,4,1,Medium/Medium,Normal,Yes,143400000,,GK,1,,2014-07-01,2022,SUB,22,,,,,,,88,85,88,90,45,88,"Swerve Pass, Acrobatic Clearance, Flair Passes",18,14,11,61,14,21,18,12,63,30,38,50,37,86,43,66,79,35,78,10,43,22,11,70,25,70,25,13,10,88,85,88,88,90,,,,,,,,,,,,,,,,,,,,,,,,,,
203376,https://sofifa.com/player/203376/virgil-van-dijk/20/159586,V. van Dijk,Virgil van Dijk,27,1991-07-08,193,92,Netherlands,Liverpool,90,91,78000000,200000,CB,Right,3,3,2,Medium/Medium,Normal,Yes,150200000,"#Tackling , #Tactician , #Strength, #Complete Defender",LCB,4,,2018-01-01,2023,LCB,4,77,60,70,71,90,86,,,,,,,"Diver, Avoids Using Weaker Foot, Leadership, Long Passer (CPU AI Only)",53,52,86,78,45,70,60,70,81,76,74,79,61,88,53,81,90,75,92,64,82,89,47,65,62,89,91,92,85,13,10,13,11,11,69+3,69+3,69+3,67+3,69+3,69+3,69+3,67+3,69+3,69+3,69+3,69+3,74+3,74+3,74+3,69+3,79+3,83+3,83+3,83+3,79+3,81+3,87+3,87+3,87+3,81+3
177003,https://sofifa.com/player/177003/luka-modric/20/159586,L. Modrić,Luka Modrić,33,1985-09-09,172,66,Croatia,Real Madrid,90,90,45000000,340000,CM,Right,4,4,4,High/High,Lean,Yes,92300000,"#Dribbler, #Playmaker  , #Crosser, #Acrobat, #Complete Midfielder",RCM,10,,2012-08-01,2020,,,74,76,89,89,72,66,,,,,,,"Argues with Officials, Finesse Shot, Speed Dribbler (CPU AI Only), Crowd Favourite",86,72,55,92,76,87,85,78,88,92,77,71,92,89,93,79,68,85,58,82,62,82,79,91,82,92,68,76,71,13,9,7,14,9,77+3,77+3,77+3,84+3,83+3,83+3,83+3,84+3,86+3,86+3,86+3,85+3,87+3,87+3,87+3,85+3,81+3,81+3,81+3,81+3,81+3,79+3,72+3,72+3,72+3,79+3
209331,https://sofifa.com/player/209331/mohamed-salah/20/159586,M. Salah,Mohamed  Salah Ghaly,27,1992-06-15,175,71,Egypt,Liverpool,90,90,80500000,240000,"RW, ST",Left,3,3,4,High/Medium,PLAYER_BODY_TYPE_25,Yes,148900000,"#Speedster, #Dribbler, #Acrobat, #Clinical Finisher, #Complete Forward",RW,11,,2017-07-01,2023,RW,10,93,86,81,89,45,74,,,,,,,"Beat Offside Trap, Argues with Officials, Early Crosser, Speed Dribbler (CPU AI Only), Outside Foot Shot",79,90,59,84,79,89,83,69,75,89,94,92,91,92,88,80,69,85,73,84,63,55,92,84,77,91,38,43,41,14,14,9,11,14,84+3,84+3,84+3,88+3,88+3,88+3,88+3,88+3,87+3,87+3,87+3,87+3,81+3,81+3,81+3,87+3,70+3,67+3,67+3,67+3,70+3,66+3,57+3,57+3,57+3,66+3
231747,https://sofifa.com/player/231747/kylian-mbappe/20/159586,K. Mbappé,Kylian Mbappé,20,1998-12-20,178,73,France,Paris Saint-Germain,89,95,93500000,155000,"ST, RW",Right,3,4,5,High/Low,Normal,Yes,191700000,"#Speedster, #Dribbler, #Acrobat",RW,7,,2018-07-01,2022,RM,10,96,84,78,90,39,75,,,,,,,"Beat Offside Trap, Selfish, Early Crosser, Speed Dribbler (CPU AI Only), Crowd Favourite",78,89,77,82,79,91,79,63,70,90,96,96,92,89,83,83,76,84,76,79,62,38,89,80,70,84,34,34,32,13,5,7,11,6,86+3,86+3,86+3,87+3,87+3,87+3,87+3,87+3,86+3,86+3,86+3,86+3,78+3,78+3,78+3,86+3,66+3,62+3,62+3,62+3,66+3,63+3,54+3,54+3,54+3,63+3
201024,https://sofifa.com/player/201024/kalidou-koulibaly/20/159586,K. Koulibaly,Kalidou Koulibaly,28,1991-06-20,187,89,Senegal,Napoli,89,91,67500000,150000,CB,Right,3,3,2,Medium/High,Normal,Yes,119800000,"#Tackling , #Tactician , #Strength, #Complete Defender",LCB,26,,2014-07-01,2021,,,71,28,54,67,89,87,,,,,,,Long Passer (CPU AI Only),30,22,83,71,14,69,28,28,63,71,69,73,52,86,41,55,81,73,95,15,87,88,35,52,33,82,91,90,87,7,11,7,13,5,56+3,56+3,56+3,55+3,57+3,57+3,57+3,55+3,58+3,58+3,58+3,60+3,65+3,65+3,65+3,60+3,74+3,79+3,79+3,79+3,74+3,77+3,86+3,86+3,86+3,77+3
202126,https://sofifa.com/player/202126/harry-kane/20/159586,H. Kane,Harry Kane,25,1993-07-28,188,89,England,Tottenham Hotspur,89,91,83000000,220000,ST,Right,3,4,3,High/High,Normal,Yes,159800000,"#Engine, #Distance Shooter, #Clinical Finisher",ST,10,,2010-07-01,2024,ST,9,70,91,79,81,47,83,,,,,,,"Injury Free, Avoids Using Weaker Foot, Argues with Officials, Giant Throw-in",75,94,86,81,85,80,78,68,83,84,68,72,71,91,73,90,79,87,84,86,78,35,93,81,90,91,56,36,38,8,10,11,14,11,86+3,86+3,86+3,82+3,84+3,84+3,84+3,82+3,83+3,83+3,83+3,82+3,79+3,79+3,79+3,82+3,65+3,66+3,66+3,66+3,65+3,62+3,60+3,60+3,60+3,62+3
212831,https://sofifa.com/player/212831/alisson-ramses-becker/20/159586,Alisson,Alisson Ramses Becker,26,1992-10-02,191,91,Brazil,Liverpool,89,91,58000000,155000,GK,Right,3,3,1,Medium/Medium,Normal,Yes,111700000,,GK,1,,2018-07-19,2024,,,,,,,,,85,84,85,89,51,90,"Flair, Swerve Pass",17,13,19,45,20,27,19,18,44,30,56,47,40,88,37,64,52,32,78,14,27,11,13,66,23,65,15,19,16,85,84,85,90,89,,,,,,,,,,,,,,,,,,,,,,,,,,
193080,https://sofifa.com/player/193080/david-de-gea-quintana/20/159586,De Gea,David De Gea Quintana,28,1990-11-07,192,82,Spain,Manchester United,89,90,56000000,205000,GK,Right,4,3,1,Medium/Medium,Lean,Yes,110600000,,GK,1,,2011-07-01,2020,GK,1,,,,,,,90,84,81,92,58,85,"Flair, Second Wind, Flair Passes",17,13,21,50,13,18,21,19,47,38,57,58,63,87,43,61,67,43,60,12,38,30,12,65,29,68,25,21,13,90,84,81,85,92,,,,,,,,,,,,,,,,,,,,,,,,,,
215914,https://sofifa.com/player/215914/ngolo-kante/20/159586,N. Kanté,N'Golo Kanté,28,1991-03-29,168,72,France,Chelsea,89,90,66000000,235000,"CDM, CM",Right,3,3,2,Medium/High,Normal,Yes,130400000,"#Tackling , #Tactician ",RCM,7,,2016-07-16,2023,LDM,13,78,65,77,81,87,83,,,,,,,Diver,68,65,54,86,56,79,49,49,81,80,79,77,82,93,92,71,77,97,73,63,90,92,72,79,54,85,90,91,85,15,12,10,7,10,72+3,72+3,72+3,77+3,76+3,76+3,76+3,77+3,78+3,78+3,78+3,79+3,82+3,82+3,82+3,79+3,85+3,87+3,87+3,87+3,85+3,84+3,83+3,83+3,83+3,84+3
138956,https://sofifa.com/player/138956/giorgio-chiellini/20/159586,G. Chiellini,Giorgio Chiellini,34,1984-08-14,187,85,Italy,Juventus,89,89,24500000,215000,CB,Left,4,3,2,Medium/High,Normal,Yes,40400000,"#Tackling , #Tactician , #Strength, #Complete Defender",LCB,3,,2005-07-01,2020,LCB,3,68,46,58,60,90,82,,,,,,,"Inflexible, Power Free-Kick, Injury Prone, Long Passer (CPU AI Only)",54,33,83,65,45,59,60,31,65,61,61,73,57,82,57,78,89,59,89,49,91,88,28,50,50,84,94,91,89,3,3,2,4,3,58+3,58+3,58+3,55+3,56+3,56+3,56+3,55+3,56+3,56+3,56+3,57+3,62+3,62+3,62+3,57+3,73+3,77+3,77+3,77+3,73+3,76+3,86+3,86+3,86+3,76+3
153079,https://sofifa.com/player/153079/sergio-aguero/20/159586,S. Agüero,Sergio Leonel Agüero del Castillo,31,1988-06-02,173,70,Argentina,Manchester City,89,89,60000000,300000,ST,Right,4,4,4,High/Medium,Stocky,Yes,111000000,"#Dribbler, #Clinical Finisher, #Complete Forward",ST,10,,2011-07-28,2021,ST,9,80,90,77,88,33,74,,,,,,,"Avoids Using Weaker Foot, Outside Foot Shot",70,93,78,83,85,88,83,73,64,89,82,78,84,92,91,89,81,79,74,84,65,24,93,83,83,90,30,29,24,13,15,6,11,14,87+3,87+3,87+3,85+3,87+3,87+3,87+3,85+3,85+3,85+3,85+3,83+3,77+3,77+3,77+3,83+3,60+3,58+3,58+3,58+3,60+3,56+3,50+3,50+3,50+3,56+3
155862,https://sofifa.com/player/155862/sergio-ramos-garcia/20/159586,Sergio Ramos,Sergio Ramos García,33,1986-03-30,184,82,Spain,Real Madrid,89,89,31500000,300000,CB,Right,4,3,3,High/Medium,Normal,Yes,64600000,"#Aerial Threat, #Tackling , #Tactician , #Complete Defender",LCB,4,,2005-08-01,2020,RCB,15,72,68,75,73,87,85,,,,,,,"Injury Prone, Avoids Using Weaker Foot, Leadership, Long Passer (CPU AI Only), Giant Throw-in",66,63,92,80,69,65,74,72,83,83,74,71,78,87,66,79,93,80,85,62,90,88,67,71,86,84,85,87,90,11,8,9,7,11,74+3,74+3,74+3,72+3,73+3,73+3,73+3,72+3,74+3,74+3,74+3,73+3,78+3,78+3,78+3,73+3,80+3,84+3,84+3,84+3,80+3,82+3,87+3,87+3,87+3,82+3
176580,https://sofifa.com/player/176580/luis-suarez/20/159586,L. Suárez,Luis Alberto Suárez Díaz,32,1987-01-24,182,86,Uruguay,FC Barcelona,89,89,53000000,355000,ST,Right,5,4,3,High/Medium,Normal,Yes,108700000,"#Distance Shooter, #Strength, #Clinical Finisher, #Complete Forward",ST,9,,2014-07-11,2021,,,73,89,80,84,51,84,,,,,,,"Diver, Speed Dribbler (CPU AI Only)",78,91,83,82,90,85,86,82,72,84,76,70,79,92,79,88,69,82,86,86,87,41,92,82,83,85,57,45,38,27,25,31,33,37,86+5,86+5,86+5,83+5,85+5,85+5,85+5,83+5,84+5,84+5,84+5,82+5,79+5,79+5,79+5,82+5,67+5,67+5,67+5,67+5,67+5,64+5,63+5,63+5,63+5,64+5
188545,https://sofifa.com/player/188545/robert-lewandowski/20/159586,R. Lewandowski,Robert Lewandowski,30,1988-08-21,184,80,Poland,FC Bayern München,89,89,64500000,235000,ST,Right,4,4,4,High/Medium,Normal,Yes,106400000,#Clinical Finisher,ST,9,,2014-07-01,2021,LS,9,77,87,74,85,41,82,,,,,,,"Diver, Beat Offside Trap, Speed Dribbler (CPU AI Only), Outside Foot Shot",62,88,85,82,88,85,77,85,65,88,77,77,78,90,82,87,84,78,84,84,81,39,91,77,86,86,34,42,19,15,6,12,8,10,86+3,86+3,86+3,82+3,85+3,85+3,85+3,82+3,83+3,83+3,83+3,80+3,77+3,77+3,77+3,80+3,61+3,62+3,62+3,62+3,61+3,58+3,57+3,57+3,57+3,58+3
189511,https://sofifa.com/player/189511/sergio-busquets-burgos/20/159586,Sergio Busquets,Sergio Busquets i Burgos,30,1988-07-16,189,76,Spain,FC Barcelona,89,89,55000000,300000,"CDM, CM",Right,4,3,3,Medium/Medium,Lean,Yes,112800000,"#Playmaker  , #Tactician ",CDM,5,,2008-09-01,2023,CDM,5,42,62,80,80,85,80,,,,,,,Giant Throw-in,62,67,68,89,44,80,66,68,82,88,40,43,67,87,49,61,66,86,77,54,85,89,77,86,60,93,90,86,80,5,8,13,9,13,70+3,70+3,70+3,73+3,75+3,75+3,75+3,73+3,78+3,78+3,78+3,75+3,83+3,83+3,83+3,75+3,78+3,86+3,86+3,86+3,78+3,78+3,82+3,82+3,82+3,78+3
194765,https://sofifa.com/player/194765/antoine-griezmann/20/159586,A. Griezmann,Antoine Griezmann,28,1991-03-21,176,73,France,FC Barcelona,89,89,69000000,370000,"CF, ST, LW",Left,4,3,4,High/High,Normal,Yes,141500000,"#Dribbler, #Engine, #Acrobat, #Clinical Finisher, #Complete Forward",LW,17,,2019-07-12,2024,CAM,7,81,86,84,89,57,72,,,,,,,"Beat Offside Trap, Selfish, Argues with Officials, Finesse Shot, Speed Dribbler (CPU AI Only), Outside Foot Shot, Crowd Favourite",83,89,84,85,87,88,86,85,82,90,82,81,90,92,83,82,89,87,63,83,73,49,90,86,86,89,59,54,49,14,8,14,13,14,85+3,85+3,85+3,87+3,87+3,87+3,87+3,87+3,87+3,87+3,87+3,86+3,83+3,83+3,83+3,86+3,73+3,71+3,71+3,71+3,73+3,70+3,65+3,65+3,65+3,70+3
211110,https://sofifa.com/player/211110/paulo-dybala/20/159586,P. Dybala,Paulo Bruno Exequiel Dybala,25,1993-11-15,177,75,Argentina,Juventus,88,92,76500000,215000,"CAM, RW",Left,3,3,4,Medium/Medium,Normal,Yes,132000000,"#Dribbler, #Playmaker  , #FK Specialist, #Acrobat, #Complete Midfielder",RW,10,,2015-07-01,2022,CF,21,83,82,84,90,43,64,,,,,,,"Beat Offside Trap, Selfish, Finesse Shot, Speed Dribbler (CPU AI Only), Crowd Favourite",82,80,64,87,88,90,88,88,75,93,86,81,91,84,85,80,75,79,61,86,48,42,80,87,86,84,32,48,40,5,4,4,5,8,80+3,80+3,80+3,85+3,85+3,85+3,85+3,85+3,86+3,86+3,86+3,85+3,80+3,80+3,80+3,85+3,68+3,64+3,64+3,64+3,68+3,64+3,54+3,54+3,54+3,64+3
195864,https://sofifa.com/player/195864/paul-pogba/20/159586,P. Pogba,Paul Pogba,26,1993-03-15,191,84,France,Manchester United,88,91,72500000,250000,"CM, CDM",Right,4,4,5,High/Medium,Normal,Yes,143200000,"#Dribbler, #Playmaker  , #Strength, #Complete Midfielder",LDM,6,,2016-08-09,2021,RDM,6,74,81,86,85,66,86,,,,,,,"Selfish, Leadership, Argues with Officials, Finesse Shot, Crowd Favourite",80,75,75,86,84,87,85,82,90,90,67,79,75,82,66,90,82,87,89,82,78,64,83,88,83,87,63,67,65,5,6,2,4,3,81+3,81+3,81+3,82+3,83+3,83+3,83+3,82+3,84+3,84+3,84+3,83+3,84+3,84+3,84+3,83+3,76+3,77+3,77+3,77+3,76+3,74+3,72+3,72+3,72+3,74+3
210257,https://sofifa.com/player/210257/ederson-santana-de-moraes/20/159586,Ederson,Ederson Santana de Moraes,25,1993-08-17,188,86,Brazil,Manchester City,88,91,54500000,185000,GK,Left,2,3,1,Medium/Medium,Normal,Yes,104900000,,GK,31,,2017-07-01,2024,,,,,,,,,86,82,93,88,63,86,"Leadership, Swerve Pass, Acrobatic Clearance",20,14,14,56,18,23,15,20,58,40,64,63,60,87,48,70,66,41,68,18,38,27,20,70,17,70,29,15,8,86,82,93,86,88,,,,,,,,,,,,,,,,,,,,,,,,,,
202652,https://sofifa.com/player/202652/raheem-sterling/20/159586,R. Sterling,Raheem Sterling,24,1994-12-08,170,69,England,Manchester City,88,90,73000000,255000,"RW, LW",Right,3,3,4,High/Medium,Lean,Yes,140500000,"#Speedster, #Dribbler, #Acrobat",LW,7,,2015-07-14,2023,LW,10,93,79,78,89,45,57,,,,,,,"Selfish, Early Crosser",78,83,38,84,67,89,75,63,69,88,96,91,94,89,94,76,57,79,54,77,38,30,91,79,69,79,47,53,47,15,12,12,15,9,79+3,79+3,79+3,86+3,85+3,85+3,85+3,86+3,85+3,85+3,85+3,85+3,78+3,78+3,78+3,85+3,68+3,62+3,62+3,62+3,68+3,64+3,51+3,51+3,51+3,64+3
190460,https://sofifa.com/player/190460/christian-eriksen/20/159586,C. Eriksen,Christian  Dannemann Eriksen,27,1992-02-14,181,76,Denmark,Tottenham Hotspur,88,89,68000000,205000,"CAM, CM",Right,3,5,4,High/High,Lean,Yes,130900000,"#Playmaker  , #Engine, #Crosser, #FK Specialist, #Complete Midfielder",RM,23,,2013-08-30,2020,CAM,10,73,81,90,84,53,63,,,,,,,"Selfish, Argues with Officials, Finesse Shot",88,77,52,91,80,81,89,86,89,91,75,71,79,88,80,84,50,93,57,89,46,56,85,92,67,88,59,57,22,9,14,7,7,6,78+3,78+3,78+3,84+3,84+3,84+3,84+3,84+3,86+3,86+3,86+3,85+3,85+3,85+3,85+3,85+3,71+3,71+3,71+3,71+3,71+3,66+3,57+3,57+3,57+3,66+3
192119,https://sofifa.com/player/192119/thibaut-courtois/20/159586,T. Courtois,Thibaut Courtois,27,1992-05-11,199,96,Belgium,Real Madrid,88,89,48000000,235000,GK,Left,4,2,1,Medium/Medium,Courtois,Yes,102000000,,GK,13,,2018-08-09,2024,GK,1,,,,,,,85,89,72,87,49,85,"Flair, Acrobatic Clearance",14,14,13,33,12,13,19,20,35,23,46,52,61,83,45,54,68,38,70,17,23,15,13,44,27,66,20,18,16,85,89,72,85,87,,,,,,,,,,,,,,,,,,,,,,,,,,
152729,https://sofifa.com/player/152729/gerard-pique-bernabeu/20/159586,Piqué,Gerard Piqué Bernabéu,32,1987-02-02,194,85,Spain,FC Barcelona,88,88,38000000,285000,CB,Right,4,3,2,High/Medium,Normal,Yes,77900000,"#Aerial Threat, #Tackling , #Tactician , #Strength, #Complete Defender",RCB,3,,2008-07-01,2022,,,56,61,72,68,88,80,,,,,,,Avoids Using Weaker Foot,57,65,85,83,57,63,58,43,81,82,48,63,57,85,36,62,75,70,87,51,76,89,64,72,69,87,89,88,87,10,11,14,15,8,70+3,70+3,70+3,67+3,69+3,69+3,69+3,67+3,71+3,71+3,71+3,69+3,76+3,76+3,76+3,69+3,77+3,83+3,83+3,83+3,77+3,78+3,85+3,85+3,85+3,78+3
162835,https://sofifa.com/player/162835/samir-handanovic/20/159586,S. Handanovič,Samir Handanovič,34,1984-07-14,193,92,Slovenia,Inter,88,88,26000000,110000,GK,Right,3,2,1,Medium/Medium,Normal,Yes,44200000,,GK,1,,2012-07-01,2021,,,,,,,,,88,85,69,89,53,89,"Flair, Giant Throw-in",12,10,10,36,12,12,12,14,34,16,51,55,47,83,36,52,78,41,71,19,25,22,12,41,23,69,25,10,13,88,85,69,89,89,,,,,,,,,,,,,,,,,,,,,,,,,,
167495,https://sofifa.com/player/167495/manuel-neuer/20/159586,M. Neuer,Manuel Neuer,33,1986-03-27,193,92,Germany,FC Bayern München,88,88,32000000,155000,GK,Right,5,4,1,Medium/Medium,Normal,Yes,52800000,,GK,1,,2011-07-01,2021,GK,1,,,,,,,87,87,91,87,57,85,"Power Free-Kick, Flair, Swerve Pass, Acrobatic Clearance",15,13,25,55,11,30,14,11,59,46,54,60,51,84,35,68,77,43,80,16,29,30,12,70,47,70,17,10,11,87,87,91,85,87,,,,,,,,,,,,,,,,,,,,,,,,,,
167948,https://sofifa.com/player/167948/hugo-lloris/20/159586,H. Lloris,Hugo Lloris,32,1986-12-26,188,82,France,Tottenham Hotspur,88,88,36000000,150000,GK,Left,4,1,1,Medium/Medium,Lean,Yes,66600000,,GK,1,,2012-08-31,2022,GK,1,,,,,,,89,82,68,91,63,84,"Swerve Pass, Acrobatic Clearance",13,10,10,50,11,10,11,10,50,34,65,62,55,86,54,51,74,41,43,14,31,27,10,30,40,65,29,10,18,89,82,68,84,91,,,,,,,,,,,,,,,,,,,,,,,,,,
168542,https://sofifa.com/player/168542/david-josue-jimenez-silva/20/159586,David Silva,David Josué Jiménez Silva,33,1986-01-08,173,67,Spain,Manchester City,88,88,36000000,265000,"CAM, CM",Left,4,2,4,High/Medium,Normal,Yes,66600000,"#Dribbler, #Playmaker  , #Acrobat, #Complete Midfielder",LCM,21,,2010-07-14,2020,,,65,74,88,89,52,57,,,,,,,"Beat Offside Trap, Selfish, Finesse Shot",84,72,54,92,82,87,82,77,84,92,69,61,87,89,88,72,64,73,48,73,57,50,88,91,75,92,59,53,29,6,15,7,6,12,76+3,76+3,76+3,83+3,83+3,83+3,83+3,83+3,85+3,85+3,85+3,83+3,83+3,83+3,83+3,83+3,68+3,69+3,69+3,69+3,68+3,63+3,56+3,56+3,56+3,63+3
179813,https://sofifa.com/player/179813/edinson-cavani/20/159586,E. Cavani,Edinson Roberto Cavani Gómez,32,1987-02-14,185,77,Uruguay,Paris Saint-Germain,88,88,47000000,195000,ST,Right,4,4,3,High/High,Lean,Yes,87000000,#Engine,ST,9,,2013-07-16,2020,,,75,86,72,79,55,83,,,,,,,Long Passer (CPU AI Only),70,88,89,78,90,79,77,76,52,81,74,76,74,91,59,88,88,91,79,79,84,54,93,77,85,80,57,48,39,12,5,13,13,10,85+3,85+3,85+3,80+3,83+3,83+3,83+3,80+3,80+3,80+3,80+3,79+3,75+3,75+3,75+3,79+3,68+3,66+3,66+3,66+3,68+3,66+3,65+3,65+3,65+3,66+3
182493,https://sofifa.com/player/182493/diego-godin/20/159586,D. Godín,Diego Godín,33,1986-02-16,187,78,Uruguay,Inter,88,88,28000000,135000,CB,Right,3,3,2,Medium/High,Lean,Yes,47600000,"#Tackling , #Tactician ",RCB,2,,2019-07-01,2022,,,60,48,64,61,89,83,,,,,,,"Injury Prone, Long Passer (CPU AI Only)",52,42,88,79,47,53,49,49,70,74,61,60,57,81,53,67,90,65,89,43,88,87,48,52,50,82,90,89,87,6,8,15,5,15,62+3,62+3,62+3,59+3,60+3,60+3,60+3,59+3,61+3,61+3,61+3,61+3,67+3,67+3,67+3,61+3,74+3,80+3,80+3,80+3,74+3,77+3,86+3,86+3,86+3,77+3
182521,https://sofifa.com/player/182521/toni-kroos/20/159586,T. Kroos,Toni Kroos,29,1990-01-04,183,76,Germany,Real Madrid,88,88,57000000,330000,CM,Right,4,5,3,Medium/Medium,Normal,Yes,116900000,"#Playmaker  , #Crosser, #Complete Midfielder",LCM,8,,2014-07-17,2023,SUB,8,45,80,90,81,70,69,,,,,,,"Argues with Officials, Finesse Shot, Crowd Favourite",88,75,58,91,82,80,86,84,92,89,50,41,60,87,71,87,30,74,73,86,60,76,75,89,73,88,72,70,62,10,11,13,7,10,75+3,75+3,75+3,78+3,79+3,79+3,79+3,78+3,81+3,81+3,81+3,79+3,85+3,85+3,85+3,79+3,75+3,79+3,79+3,79+3,75+3,72+3,69+3,69+3,69+3,72+3
188350,https://sofifa.com/player/188350/marco-reus/20/159586,M. Reus,Marco Reus,30,1989-05-31,180,71,Germany,Borussia Dortmund,88,88,56000000,170000,"CAM, LM, ST",Right,4,4,4,High/Medium,Lean,Yes,92400000,"#Dribbler, #Playmaker  , #Distance Shooter, #FK Specialist, #Acrobat, #Clinical Finisher, #Complete Midfielder, #Complete Forward",CAM,11,,2012-07-01,2023,ST,11,85,88,84,87,45,66,,,,,,,"Power Free-Kick, Avoids Using Weaker Foot, Beat Offside Trap, Argues with Officials, Early Crosser, Finesse Shot, Speed Dribbler (CPU AI Only)",82,87,49,86,90,87,89,86,77,88,85,85,86,87,84,88,71,76,67,87,51,48,89,86,90,85,49,37,45,12,12,13,13,11,82+3,82+3,82+3,86+3,86+3,86+3,86+3,86+3,86+3,86+3,86+3,85+3,80+3,80+3,80+3,85+3,69+3,65+3,65+3,65+3,69+3,64+3,55+3,55+3,55+3,64+3
188567,https://sofifa.com/player/188567/pierre-emerick-aubameyang/20/159586,P. Aubameyang,Pierre-Emerick Aubameyang,30,1989-06-18,187,80,Gabon,Arsenal,88,88,57000000,205000,"ST, LM",Right,3,4,4,Medium/Low,Lean,Yes,108300000,"#Poacher, #Speedster, #Complete Forward",LM,14,,2018-01-31,2021,,,94,85,75,80,37,69,,,,,,,"Diver, Beat Offside Trap, Early Crosser, Speed Dribbler (CPU AI Only), Outside Foot Shot",76,89,78,77,86,79,80,74,64,82,93,95,76,87,69,82,79,78,74,79,43,48,90,77,76,85,27,25,36,6,9,15,9,9,84+3,84+3,84+3,83+3,83+3,83+3,83+3,83+3,81+3,81+3,81+3,81+3,74+3,74+3,74+3,81+3,64+3,58+3,58+3,58+3,64+3,61+3,51+3,51+3,51+3,61+3
208722,https://sofifa.com/player/208722/sadio-mane/20/159586,S. Mané,Sadio Mané,27,1992-04-10,175,69,Senegal,Liverpool,88,88,62000000,220000,"LW, LM",Right,3,4,4,High/Medium,Normal,Yes,114700000,"#Speedster, #Dribbler, #Acrobat",LW,10,,2016-07-01,2023,,,94,83,77,89,44,74,,,,,,,"Selfish, Early Crosser",74,87,81,81,75,89,76,64,71,87,95,93,92,90,86,84,86,85,67,77,75,35,90,83,71,84,42,42,38,10,10,15,7,14,85+3,85+3,85+3,86+3,87+3,87+3,87+3,86+3,85+3,85+3,85+3,85+3,78+3,78+3,78+3,85+3,67+3,63+3,63+3,63+3,67+3,64+3,57+3,57+3,57+3,64+3
212218,https://sofifa.com/player/212218/aymeric-laporte/20/159586,A. Laporte,Aymeric  Laporte,25,1994-05-27,189,85,France,Manchester City,87,90,56500000,195000,"CB, LB",Left,2,3,2,Medium/Medium,Normal,Yes,108800000,"#Tackling , #Tactician ",LCB,14,,2018-01-30,2024,,,64,50,71,68,88,82,,,,,,,Leadership,58,45,86,81,40,63,61,69,80,77,61,66,59,87,60,68,78,78,85,47,79,87,54,65,44,85,88,89,88,10,11,5,14,5,65+2,65+2,65+2,64+2,66+2,66+2,66+2,64+2,67+2,67+2,67+2,67+2,74+2,74+2,74+2,67+2,78+2,82+2,82+2,82+2,78+2,80+2,85+2,85+2,85+2,80+2
218667,https://sofifa.com/player/218667/bernardo-mota-carvalho-e-silva/20/159586,Bernardo Silva,Bernardo Mota Veiga de Carvalho e Silva,24,1994-08-10,173,64,Portugal,Manchester City,87,90,64000000,210000,"RW, CAM, CM",Left,2,3,4,High/High,Lean,Yes,123200000,"#Dribbler, #Engine, #Acrobat",RW,20,,2017-07-01,2024,CAM,10,81,76,83,92,51,67,,,,,,,"Selfish, Finesse Shot, Crowd Favourite",85,78,51,86,69,92,84,67,74,92,85,78,94,85,92,74,51,93,54,75,69,49,85,85,68,87,49,59,40,9,10,14,12,9,77+2,77+2,77+2,85+2,84+2,84+2,84+2,85+2,85+2,85+2,85+2,86+2,82+2,82+2,82+2,86+2,72+2,69+2,69+2,69+2,72+2,67+2,57+2,57+2,57+2,67+2
200145,https://sofifa.com/player/200145/carlos-henrique-venancio-casimiro/20/159586,Casemiro,Carlos Henrique Venancio Casimiro,27,1992-02-23,185,84,Brazil,Real Madrid,87,89,53500000,240000,CDM,Right,3,3,2,Medium/High,Normal,Yes,113700000,"#Tackling , #Tactician , #Strength, #Complete Defender",CDM,14,,2013-07-11,2021,,,62,72,75,72,85,89,,,,,,,"Long Throw-in, Injury Prone, Argues with Officials",58,64,76,83,61,69,63,74,82,78,58,66,62,86,66,86,87,88,90,81,89,86,69,77,66,84,84,87,86,13,14,16,12,12,74+3,74+3,74+3,71+3,74+3,74+3,74+3,71+3,74+3,74+3,74+3,72+3,79+3,79+3,79+3,72+3,78+3,84+3,84+3,84+3,78+3,79+3,84+3,84+3,84+3,79+3
200104,https://sofifa.com/player/200104/heung-min-son/20/159586,H. Son,손흥민 孙兴慜,26,1992-07-08,183,78,Korea Republic,Tottenham Hotspur,87,88,60000000,185000,"CF, LM",Right,3,5,4,High/High,Lean,Yes,115500000,"#Dribbler, #Engine, #Distance Shooter, #Acrobat, #Clinical Finisher, #Complete Forward",LM,7,,2015-08-28,2023,,,88,86,80,87,42,68,,,,,,,"Diver, Beat Offside Trap, Argues with Officials, Early Crosser",81,86,65,83,81,88,85,70,70,87,86,89,86,89,76,88,63,87,62,90,60,39,88,81,71,87,48,34,33,11,13,13,6,10,83+3,83+3,83+3,86+3,86+3,86+3,86+3,86+3,85+3,85+3,85+3,85+3,78+3,78+3,78+3,85+3,67+3,63+3,63+3,63+3,67+3,63+3,53+3,53+3,53+3,63+3
135507,https://sofifa.com/player/135507/fernando-luiz-rosa/20/159586,Fernandinho,Fernando Luiz Rosa,34,1985-05-04,179,67,Brazil,Manchester City,87,87,19500000,200000,CDM,Right,3,4,3,Medium/High,Lean,Yes,36100000,#Tactician ,CDM,25,,2013-07-01,2020,,,66,74,79,78,84,79,,,,,,,Argues with Officials,68,69,66,86,74,77,70,72,83,82,68,64,69,89,77,83,78,79,76,78,87,89,70,78,61,81,87,86,80,12,11,5,13,7,74+3,74+3,74+3,75+3,76+3,76+3,76+3,75+3,78+3,78+3,78+3,76+3,81+3,81+3,81+3,76+3,80+3,84+3,84+3,84+3,80+3,80+3,82+3,82+3,82+3,80+3
164240,https://sofifa.com/player/164240/thiago-emiliano-da-silva/20/159586,Thiago Silva,Thiago Emiliano da Silva,34,1984-09-22,183,82,Brazil,Paris Saint-Germain,87,87,18500000,135000,CB,Right,4,3,2,Medium/High,Normal,Yes,34200000,"#Tackling , #Tactician ",LCB,2,,2012-07-01,2020,,,62,54,72,72,87,78,,,,,,,"Avoids Using Weaker Foot, Long Passer (CPU AI Only)",60,40,81,80,61,67,62,61,80,80,60,64,67,82,67,71,90,71,81,65,76,90,59,70,60,86,88,88,85,9,12,5,9,10,66+3,66+3,66+3,66+3,67+3,67+3,67+3,66+3,69+3,69+3,69+3,68+3,75+3,75+3,75+3,68+3,77+3,82+3,82+3,82+3,77+3,78+3,84+3,84+3,84+3,78+3
165153,https://sofifa.com/player/165153/karim-benzema/20/159586,K. Benzema,Karim Benzema,31,1987-12-19,185,81,France,Real Madrid,87,87,45000000,285000,"CF, ST",Right,4,4,4,Medium/Low,Normal,Yes,92300000,,CF,9,,2009-07-09,2021,,,76,82,80,86,39,77,,,,,,,"Finesse Shot, Speed Dribbler (CPU AI Only), Giant Throw-in",75,84,83,85,83,86,81,73,72,90,78,74,78,85,69,82,77,79,80,76,65,39,88,86,82,87,47,24,18,13,11,5,5,7,83+3,83+3,83+3,83+3,84+3,84+3,84+3,83+3,84+3,84+3,84+3,82+3,78+3,78+3,78+3,82+3,62+3,62+3,62+3,62+3,62+3,58+3,54+3,54+3,54+3,58+3
172871,https://sofifa.com/player/172871/jan-vertonghen/20/159586,J. Vertonghen,Jan Vertonghen,32,1987-04-24,189,86,Belgium,Tottenham Hotspur,87,87,32500000,155000,CB,Left,3,3,3,High/High,Normal,Yes,60100000,"#Tackling , #Tactician ",LCB,5,,2012-07-01,2020,LCB,5,63,63,74,72,87,79,,,,,,,"Long Throw-in, Avoids Using Weaker Foot",72,56,80,79,52,71,66,70,74,77,60,65,60,85,60,80,85,75,79,66,84,89,56,68,66,84,89,87,88,6,10,9,12,7,69+3,69+3,69+3,68+3,69+3,69+3,69+3,68+3,70+3,70+3,70+3,70+3,74+3,74+3,74+3,70+3,79+3,82+3,82+3,82+3,79+3,80+3,84+3,84+3,84+3,80+3
175943,https://sofifa.com/player/175943/dries-mertens/20/159586,D. Mertens,Dries Mertens,32,1987-05-06,169,61,Belgium,Napoli,87,87,40000000,135000,"CF, ST",Right,3,4,4,High/Low,Normal,Yes,68000000,"#Dribbler, #Acrobat, #Clinical Finisher, #Complete Forward",SUB,14,,2013-07-01,2020,RF,14,88,83,80,91,35,53,,,,,,,"Beat Offside Trap, Selfish, Argues with Officials, Speed Dribbler (CPU AI Only), Crowd Favourite, Skilled Dribbling",79,86,40,82,70,91,82,79,74,89,93,83,94,88,92,80,59,73,39,81,59,36,87,83,79,81,25,40,40,7,10,8,10,4,78+3,78+3,78+3,86+3,85+3,85+3,85+3,86+3,85+3,85+3,85+3,85+3,78+3,78+3,78+3,85+3,65+3,60+3,60+3,60+3,65+3,60+3,46+3,46+3,46+3,60+3
178603,https://sofifa.com/player/178603/mats-hummels/20/159586,M. Hummels,Mats  Hummels,30,1988-12-16,191,94,Germany,Borussia Dortmund,87,87,41000000,130000,CB,Right,4,3,3,High/Medium,Normal,Yes,67700000,"#Tackling , #Tactician ",LCB,15,,2019-07-01,2022,,,51,58,76,72,89,76,,,,,,,"Avoids Using Weaker Foot, Leadership, Finesse Shot, Long Passer (CPU AI Only), Speed Dribbler (CPU AI Only)",64,55,87,81,60,68,65,53,85,81,46,55,64,87,59,71,68,65,85,51,71,89,56,79,68,89,90,89,86,15,6,10,5,6,68+3,68+3,68+3,67+3,68+3,68+3,68+3,67+3,71+3,71+3,71+3,69+3,77+3,77+3,77+3,69+3,77+3,83+3,83+3,83+3,77+3,78+3,84+3,84+3,84+3,78+3
184087,https://sofifa.com/player/184087/toby-alderweireld/20/159586,T. Alderweireld,Toby Alderweireld,30,1989-03-02,186,81,Belgium,Tottenham Hotspur,87,87,41000000,155000,CB,Right,3,3,2,Medium/Medium,Normal,Yes,75900000,"#Tackling , #Tactician ",RCB,4,,2015-07-08,2020,RCB,2,64,55,72,66,88,79,,,,,,,Leadership,64,45,82,79,38,62,63,69,85,75,61,66,59,87,50,78,84,78,79,58,81,88,54,62,58,86,90,90,86,16,6,14,16,14,66+3,66+3,66+3,64+3,66+3,66+3,66+3,64+3,67+3,67+3,67+3,67+3,74+3,74+3,74+3,67+3,78+3,83+3,83+3,83+3,78+3,80+3,84+3,84+3,84+3,80+3
189332,https://sofifa.com/player/189332/jordi-alba-ramos/20/159586,Jordi Alba,Jordi Alba Ramos,30,1989-03-21,170,68,Spain,FC Barcelona,87,87,40000000,240000,LB,Left,3,3,3,High/Medium,Normal,Yes,82000000,"#Speedster, #Crosser, #Acrobat",LB,18,,2012-07-01,2024,LB,18,90,69,81,83,79,73,,,,,,,,87,73,70,84,60,81,80,63,79,85,91,90,89,85,85,64,81,92,61,66,77,83,83,78,59,82,74,83,84,13,15,13,6,13,76+3,76+3,76+3,82+3,80+3,80+3,80+3,82+3,81+3,81+3,81+3,83+3,81+3,81+3,81+3,83+3,84+3,81+3,81+3,81+3,84+3,84+3,78+3,78+3,78+3,84+3
189509,https://sofifa.com/player/189509/thiago-alcantara/20/159586,Thiago,Thiago Alcântara do Nascimento,28,1991-04-11,174,70,Spain,FC Bayern München,87,87,50000000,180000,"CM, CAM, CDM",Right,3,3,5,Medium/Medium,Normal,Yes,82500000,"#Dribbler, #Playmaker  , #Acrobat, #Complete Midfielder",CDM,6,,2013-07-14,2021,RCM,10,69,74,85,90,69,63,,,,,,,"Power Free-Kick, Injury Prone, Selfish, Speed Dribbler (CPU AI Only), Crowd Favourite",78,69,54,90,86,90,85,77,87,91,76,64,91,86,88,76,76,75,59,79,56,83,79,86,75,87,67,67,71,6,11,7,9,13,75+3,75+3,75+3,82+3,81+3,81+3,81+3,82+3,84+3,84+3,84+3,82+3,84+3,84+3,84+3,82+3,78+3,78+3,78+3,78+3,78+3,75+3,69+3,69+3,69+3,75+3
193041,https://sofifa.com/player/193041/keylor-navas/20/159586,K. Navas,Keylor Navas,32,1986-12-15,185,80,Costa Rica,Real Madrid,87,87,30500000,195000,GK,Right,3,3,1,Medium/Medium,Normal,Yes,62500000,,SUB,1,,2014-08-03,2020,,,,,,,,,90,81,75,90,53,82,"Flair, Second Wind",11,15,11,30,11,16,11,15,37,19,54,53,60,84,61,56,74,39,75,13,32,20,16,68,25,67,28,14,14,90,81,75,82,90,,,,,,,,,,,,,,,,,,,,,,,,,,
198219,https://sofifa.com/player/198219/lorenzo-insigne/20/159586,L. Insigne,Lorenzo Insigne,28,1991-06-04,163,59,Italy,Napoli,87,87,52000000,140000,"CF, LW, ST",Right,3,4,4,High/Medium,Normal,Yes,88400000,"#Dribbler, #Crosser, #Acrobat",LS,24,,2010-07-01,2022,LW,10,89,79,85,91,35,47,,,,,,,"Beat Offside Trap, Argues with Officials, Early Crosser",86,77,59,87,74,90,87,77,78,93,94,85,94,84,93,79,52,72,40,85,34,26,85,89,68,83,49,24,22,8,4,14,9,10,79+3,79+3,79+3,87+3,86+3,86+3,86+3,87+3,87+3,87+3,87+3,86+3,79+3,79+3,79+3,86+3,63+3,58+3,58+3,58+3,63+3,58+3,44+3,44+3,44+3,58+3
222492,https://sofifa.com/player/222492/leroy-sane/20/159586,L. Sané,Leroy Sané,23,1996-01-11,183,75,Germany,Manchester City,86,92,61000000,195000,LW,Left,2,3,4,High/Medium,Lean,Yes,125100000,"#Speedster, #Dribbler, #Acrobat",SUB,19,,2016-08-02,2021,LW,19,95,81,79,86,38,70,,,,,,,"Long Throw-in, Selfish, Early Crosser",83,81,72,80,85,88,83,82,64,85,93,96,86,81,80,87,64,78,70,78,61,34,84,82,71,80,36,32,35,8,12,9,9,14,82+2,82+2,82+2,84+2,84+2,84+2,84+2,84+2,83+2,83+2,83+2,83+2,74+2,74+2,74+2,83+2,65+2,59+2,59+2,59+2,65+2,61+2,52+2,52+2,52+2,61+2
207865,https://sofifa.com/player/207865/marcos-aoas-correa/20/159586,Marquinhos,Marcos  Aoás Corrêa,25,1994-05-14,183,75,Brazil,Paris Saint-Germain,86,90,51500000,120000,"CB, CDM",Right,3,3,3,Medium/High,Normal,Yes,99100000,"#Tackling , #Tactician ",RCB,5,,2013-07-19,2022,,,74,41,73,70,86,77,,,,,,,Inflexible,68,33,84,82,31,64,55,32,82,79,72,76,69,85,68,61,89,76,75,35,80,86,59,68,47,86,86,87,87,6,6,12,10,13,63+3,63+3,63+3,66+3,66+3,66+3,66+3,66+3,68+3,68+3,68+3,70+3,74+3,74+3,74+3,70+3,79+3,82+3,82+3,82+3,79+3,81+3,83+3,83+3,83+3,81+3
232363,https://sofifa.com/player/232363/milan-skriniar/20/159586,M. Škriniar,Milan Škriniar,24,1995-02-11,187,80,Slovakia,Inter,86,90,52000000,89000,CB,Right,1,4,2,Medium/High,Normal,No,92300000,#Tactician ,LCB,37,,2017-07-07,2023,,,69,41,59,66,87,82,,,,,,,,40,42,82,73,40,67,34,30,69,69,70,69,48,83,51,50,78,75,85,30,86,86,30,57,56,81,92,87,83,10,13,12,8,12,58+2,58+2,58+2,58+2,59+2,59+2,59+2,58+2,60+2,60+2,60+2,62+2,66+2,66+2,66+2,62+2,74+2,79+2,79+2,79+2,74+2,76+2,84+2,84+2,84+2,76+2
199556,https://sofifa.com/player/199556/marco-verratti/20/159586,M. Verratti,Marco Verratti,26,1992-11-05,165,60,Italy,Paris Saint-Germain,86,89,54500000,140000,"CM, CDM",Right,3,4,4,Medium/High,Normal,Yes,104900000,"#Dribbler, #Playmaker  , #Acrobat, #Complete Midfielder",RCM,6,,2012-07-18,2021,LCM,6,65,60,84,90,79,66,,,,,,,"Selfish, Finesse Shot",75,60,55,90,64,90,74,64,89,89,69,61,91,85,94,56,64,77,52,58,89,84,71,87,64,95,78,82,83,12,12,15,15,10,69+3,69+3,69+3,78+3,77+3,77+3,77+3,78+3,81+3,81+3,81+3,80+3,84+3,84+3,84+3,80+3,80+3,83+3,83+3,83+3,80+3,79+3,76+3,76+3,76+3,79+3
205600,https://sofifa.com/player/205600/samuel-umtiti/20/159586,S. Umtiti,Samuel Umtiti,25,1993-11-14,182,75,France,FC Barcelona,86,89,50000000,210000,CB,Left,3,3,2,Medium/High,Normal,Yes,106300000,"#Tackling , #Tactician ",SUB,23,,2016-07-12,2023,LCB,5,69,63,69,69,86,82,,,,,,,,61,51,79,80,65,64,72,62,73,77,66,72,62,82,66,83,88,71,86,74,82,87,51,58,61,82,87,88,85,15,10,14,12,15,68+3,68+3,68+3,66+3,67+3,67+3,67+3,66+3,67+3,67+3,67+3,67+3,72+3,72+3,72+3,67+3,77+3,80+3,80+3,80+3,77+3,79+3,84+3,84+3,84+3,79+3
186153,https://sofifa.com/player/186153/wojciech-szczesny/20/159586,W. Szczęsny,Wojciech  Szczęsny,29,1990-04-18,195,90,Poland,Juventus,86,88,37500000,135000,GK,Right,3,3,1,Medium/Medium,Lean,Yes,64700000,,GK,1,,2017-07-19,2021,GK,1,,,,,,,85,82,73,88,49,86,Acrobatic Clearance,12,12,16,32,14,11,16,14,36,22,51,47,55,82,51,55,71,45,65,14,40,15,14,48,18,65,20,13,12,85,82,73,86,88,,,,,,,,,,,,,,,,,,,,,,,,,,
212622,https://sofifa.com/player/212622/joshua-kimmich/20/159586,J. Kimmich,Joshua Kimmich,24,1995-02-08,176,73,Germany,FC Bayern München,86,88,48000000,125000,"RB, CM, CDM",Right,3,4,3,High/Low,Lean,Yes,82800000,#Crosser,RB,32,,2015-07-01,2023,CDM,6,72,69,86,84,79,78,,,,,,,,91,66,74,87,67,83,85,61,85,85,77,68,84,87,84,76,79,94,66,71,86,80,80,84,44,85,78,80,79,8,15,7,15,15,76+3,76+3,76+3,80+3,79+3,79+3,79+3,80+3,81+3,81+3,81+3,82+3,84+3,84+3,84+3,82+3,83+3,82+3,82+3,82+3,83+3,81+3,78+3,78+3,78+3,81+3
197781,https://sofifa.com/player/197781/francisco-roman-alarcon-suarez/20/159586,Isco,Francisco Román Alarcón Suárez,27,1992-04-21,176,79,Spain,Real Madrid,86,87,51000000,245000,"CAM, CM, LW",Right,3,3,4,Medium/Low,Normal,Yes,108400000,#Dribbler,SUB,22,,2013-07-03,2022,LW,22,71,77,83,91,59,60,,,,,,,"Injury Free, Beat Offside Trap, Selfish, Finesse Shot, Speed Dribbler (CPU AI Only), Crowd Favourite",78,79,55,84,67,92,88,76,80,93,74,68,85,76,90,69,61,62,59,84,58,61,79,87,76,86,58,64,51,10,8,12,15,6,76+3,76+3,76+3,83+3,82+3,82+3,82+3,83+3,84+3,84+3,84+3,81+3,81+3,81+3,81+3,81+3,70+3,70+3,70+3,70+3,70+3,67+3,62+3,62+3,62+3,67+3
201942,https://sofifa.com/player/201942/roberto-firmino-barbosa-de-oliveira/20/159586,Roberto Firmino,Roberto Firmino Barbosa de Oliveira,27,1991-10-02,181,76,Brazil,Liverpool,86,87,52000000,170000,"CF, ST, CAM",Right,3,4,4,High/High,Lean,Yes,100100000,"#Dribbler, #Playmaker  , #Engine, #Complete Midfielder",CF,9,,2015-07-06,2023,,,77,82,80,87,61,78,,,,,,,"Selfish, Finesse Shot, Outside Foot Shot, Crowd Favourite",72,85,78,86,81,88,80,65,76,88,78,77,80,86,81,81,81,88,74,76,73,58,87,86,72,88,60,64,42,8,11,9,6,10,83+3,83+3,83+3,83+3,84+3,84+3,84+3,83+3,84+3,84+3,84+3,83+3,82+3,82+3,82+3,83+3,72+3,73+3,73+3,73+3,72+3,69+3,67+3,67+3,67+3,69+3
168651,https://sofifa.com/player/168651/ivan-rakitic/20/159586,I. Rakitić,Ivan Rakitić,31,1988-03-10,184,78,Croatia,FC Barcelona,86,86,38000000,245000,"CM, CDM",Right,4,4,3,Medium/Medium,Lean,Yes,77900000,,RCM,4,,2014-07-01,2021,,,62,81,86,81,74,70,,,,,,,"Diver, Argues with Officials",84,78,59,86,84,80,88,82,90,87,64,61,73,80,62,84,34,79,71,85,67,79,77,85,82,80,76,73,72,14,11,12,5,9,76+3,76+3,76+3,79+3,79+3,79+3,79+3,79+3,81+3,81+3,81+3,80+3,83+3,83+3,83+3,80+3,77+3,79+3,79+3,79+3,77+3,75+3,72+3,72+3,72+3,75+3
180206,https://sofifa.com/player/180206/miralem-pjanic/20/159586,M. Pjanić,Miralem Pjanić,29,1990-04-02,178,72,Bosnia Herzegovina,Juventus,86,86,42500000,180000,"CM, CDM",Right,3,4,3,Medium/Medium,Normal,Yes,70100000,"#Dribbler, #Playmaker  , #FK Specialist, #Complete Midfielder",CDM,5,,2016-07-01,2023,,,68,68,87,85,75,67,,,,,,,"Beat Offside Trap, Argues with Officials, Finesse Shot, Crowd Favourite",80,56,60,91,72,86,86,92,87,89,69,67,75,84,81,78,60,79,61,82,70,78,68,88,79,86,78,76,70,7,7,13,7,8,71+3,71+3,71+3,78+3,78+3,78+3,78+3,78+3,81+3,81+3,81+3,80+3,84+3,84+3,84+3,80+3,79+3,80+3,80+3,80+3,79+3,77+3,73+3,73+3,73+3,77+3
183898,https://sofifa.com/player/183898/angel-di-maria/20/159586,A. Di María,Ángel Fabián Di María Hernández,31,1988-02-14,180,69,Argentina,Paris Saint-Germain,86,86,39000000,150000,"RW, LW",Left,4,2,5,High/Medium,Lean,Yes,72200000,"#Dribbler, #Crosser, #FK Specialist, #Acrobat",LW,11,,2015-08-06,2021,RM,11,84,79,84,87,48,68,,,,,,,"Selfish, Argues with Officials, Speed Dribbler (CPU AI Only), Outside Foot Shot, Crowd Favourite",86,76,51,83,77,87,88,88,80,86,85,84,94,82,77,83,72,78,60,84,73,42,84,86,73,84,41,55,52,10,7,11,12,11,78+3,78+3,78+3,84+3,83+3,83+3,83+3,84+3,84+3,84+3,84+3,83+3,79+3,79+3,79+3,83+3,69+3,66+3,66+3,66+3,69+3,66+3,57+3,57+3,57+3,66+3
184344,https://sofifa.com/player/184344/leonardo-bonucci/20/159586,L. Bonucci,Leonardo Bonucci,32,1987-05-01,190,85,Italy,Juventus,86,86,28500000,160000,CB,Right,3,4,2,Low/High,Lean,Yes,47000000,#Tactician ,RCB,19,,2018-08-02,2023,RCB,19,58,58,69,70,87,79,,,,,,,"Long Throw-in, Diver, Leadership, Long Passer (CPU AI Only)",44,48,84,77,58,69,56,61,85,75,55,60,61,84,55,74,85,68,82,65,82,90,38,74,70,86,90,86,80,2,2,3,2,4,64+3,64+3,64+3,62+3,65+3,65+3,65+3,62+3,68+3,68+3,68+3,65+3,74+3,74+3,74+3,65+3,73+3,82+3,82+3,82+3,73+3,75+3,84+3,84+3,84+3,75+3
189242,https://sofifa.com/player/189242/philippe-coutinho-correia/20/159586,Coutinho,Philippe Coutinho Correia,27,1992-06-12,172,68,Brazil,FC Bayern München,86,86,46500000,175000,"LW, CM",Right,3,4,5,High/Medium,Normal,Yes,,"#Dribbler, #FK Specialist, #Acrobat",LCM,10,FC Barcelona,,2020,,,79,80,84,90,52,64,,,,,,,"Injury Free, Selfish, Argues with Officials, Crowd Favourite",79,77,48,84,78,90,90,86,82,91,84,75,92,82,93,82,59,76,61,88,59,49,84,86,70,77,55,54,47,12,7,9,14,6,78+3,78+3,78+3,84+3,83+3,83+3,83+3,84+3,85+3,85+3,85+3,83+3,81+3,81+3,81+3,83+3,70+3,68+3,68+3,68+3,70+3,66+3,58+3,58+3,58+3,66+3
189513,https://sofifa.com/player/189513/daniel-parejo-munoz/20/159586,Parejo,Daniel Parejo Muñoz,30,1989-04-16,182,74,Spain,Valencia CF,86,86,41000000,69000,CM,Right,2,4,3,Medium/Medium,Lean,Yes,86100000,"#Playmaker  , #FK Specialist, #Complete Midfielder",RCM,10,,2011-07-01,2022,,,41,80,88,79,70,69,,,,,,,"Diver, Leadership, Finesse Shot",84,80,61,91,72,79,89,90,88,85,49,35,64,78,72,79,49,76,71,82,58,81,81,86,83,85,69,68,65,5,9,12,14,8,74+2,74+2,74+2,76+2,77+2,77+2,77+2,76+2,80+2,80+2,80+2,77+2,83+2,83+2,83+2,77+2,74+2,78+2,78+2,78+2,74+2,71+2,69+2,69+2,69+2,71+2
189596,https://sofifa.com/player/189596/thomas-muller/20/159586,T. Müller,Thomas Müller,29,1989-09-13,186,75,Germany,FC Bayern München,86,86,43500000,170000,"CAM, RM, RW",Right,4,4,3,High/High,Lean,Yes,71800000,"#Engine, #Clinical Finisher",SUB,25,,2008-08-10,2021,,,72,83,79,78,55,71,,,,,,,"Diver, Speed Dribbler (CPU AI Only)",79,87,81,81,84,75,81,59,72,82,69,75,74,91,71,78,77,86,67,80,61,58,92,85,60,84,44,57,46,6,7,11,14,14,82+3,82+3,82+3,81+3,82+3,82+3,82+3,81+3,81+3,81+3,81+3,80+3,79+3,79+3,79+3,80+3,69+3,68+3,68+3,68+3,69+3,67+3,62+3,62+3,62+3,67+3
192387,https://sofifa.com/player/192387/ciro-immobile/20/159586,C. Immobile,Ciro Immobile,29,1990-02-20,185,85,Italy,Lazio,86,86,44500000,105000,ST,Right,3,4,3,High/Medium,Normal,Yes,75700000,#Clinical Finisher,ST,17,,2016-07-27,2023,ST,17,80,85,63,81,39,76,,,,,,,Speed Dribbler (CPU AI Only),55,87,81,74,85,83,70,51,49,83,76,83,75,87,63,86,77,79,73,80,77,40,91,65,78,81,34,33,32,6,8,15,12,6,83+3,83+3,83+3,79+3,82+3,82+3,82+3,79+3,78+3,78+3,78+3,76+3,70+3,70+3,70+3,76+3,60+3,57+3,57+3,57+3,60+3,57+3,54+3,54+3,54+3,57+3
193301,https://sofifa.com/player/193301/alexandre-lacazette/20/159586,A. Lacazette,Alexandre Lacazette,28,1991-05-28,175,73,France,Arsenal,86,86,46000000,165000,ST,Right,3,4,4,High/High,Normal,Yes,87400000,#Dribbler,ST,9,,2017-07-05,2022,,,82,85,75,86,40,74,,,,,,,"Selfish, Speed Dribbler (CPU AI Only), Crowd Favourite",68,87,74,81,82,86,74,74,69,86,82,82,85,86,85,86,76,79,73,78,72,42,87,78,84,86,29,42,30,11,6,9,5,6,83+3,83+3,83+3,82+3,84+3,84+3,84+3,82+3,82+3,82+3,82+3,81+3,76+3,76+3,76+3,81+3,63+3,62+3,62+3,62+3,63+3,59+3,55+3,55+3,55+3,59+3
235243,https://sofifa.com/player/235243/matthijs-de-ligt/20/159586,M. de Ligt,Matthijs de Ligt,19,1999-08-12,189,89,Netherlands,Juventus,85,93,50000000,76000,CB,Right,3,4,2,Medium/High,Normal,Yes,92500000,#Strength,SUB,4,,2019-07-18,2024,RCB,3,67,58,66,68,83,84,,,,,,,"Diver, Avoids Using Weaker Foot, Long Passer (CPU AI Only)",52,50,85,76,40,66,48,55,74,74,61,72,56,83,60,82,84,77,88,64,82,82,44,63,40,82,86,82,80,12,11,11,12,10,67+3,67+3,67+3,63+3,65+3,65+3,65+3,63+3,66+3,66+3,66+3,65+3,71+3,71+3,71+3,65+3,74+3,79+3,79+3,79+3,74+3,76+3,82+3,82+3,82+3,76+3
230621,https://sofifa.com/player/230621/gianluigi-donnarumma/20/159586,G. Donnarumma,Gianluigi Donnarumma,20,1999-02-25,196,90,Italy,Milan,85,92,41500000,34000,GK,Right,3,3,1,Medium/Medium,Normal,Yes,78900000,,GK,99,,2015-07-01,2021,GK,22,,,,,,,90,80,74,90,50,80,"Swerve Pass, Acrobatic Clearance",12,12,12,34,8,28,12,14,24,28,46,54,64,79,38,56,72,34,72,18,30,26,14,50,24,68,20,14,16,90,80,74,80,90,,,,,,,,,,,,,,,,,,,,,,,,,,
228702,https://sofifa.com/player/228702/frenkie-de-jong/20/159586,F. de Jong,Frenkie de Jong,22,1997-05-12,180,74,Netherlands,FC Barcelona,85,91,52000000,195000,"CM, CDM",Right,3,3,4,Medium/High,Lean,No,117000000,"#Dribbler, #Playmaker  , #Complete Midfielder",LCM,21,,2019-07-01,2024,LDM,21,79,64,84,87,76,76,,,,,,,"Selfish, Finesse Shot, Speed Dribbler (CPU AI Only), Crowd Favourite",75,64,66,90,69,88,84,64,86,89,80,78,84,87,79,68,76,82,74,62,72,81,70,86,45,90,75,75,77,7,13,10,10,9,74+3,74+3,74+3,80+3,79+3,79+3,79+3,80+3,82+3,82+3,82+3,82+3,83+3,83+3,83+3,82+3,81+3,82+3,82+3,82+3,81+3,79+3,76+3,76+3,76+3,79+3
201535,https://sofifa.com/player/201535/raphael-varane/20/159586,R. Varane,Raphaël Varane,26,1993-04-25,191,81,France,Real Madrid,85,90,45000000,205000,CB,Right,3,3,2,Medium/High,Lean,Yes,95600000,#Tackling ,RCB,5,,2011-07-01,2022,RCB,4,83,45,62,63,85,80,,,,,,,,36,40,83,75,42,55,46,52,76,77,79,86,63,83,38,52,79,72,86,53,77,82,44,59,43,84,87,86,85,11,11,9,5,14,62+3,62+3,62+3,61+3,62+3,62+3,62+3,61+3,64+3,64+3,64+3,64+3,69+3,69+3,69+3,64+3,74+3,79+3,79+3,79+3,74+3,77+3,83+3,83+3,83+3,77+3
212190,https://sofifa.com/player/212190/niklas-sule/20/159586,N. Süle,Niklas Süle,23,1995-09-03,195,97,Germany,FC Bayern München,85,90,46500000,115000,CB,Right,2,3,2,Medium/Medium,Stocky,Yes,80200000,"#Aerial Threat, #Tackling , #Strength",RCB,4,,2017-07-01,2022,RCB,15,72,42,55,50,86,82,,,,,,,,34,22,86,78,33,43,28,30,69,63,53,87,34,81,33,77,40,66,94,62,83,81,26,40,32,75,85,89,87,15,7,14,7,15,57+2,57+2,57+2,50+2,53+2,53+2,53+2,50+2,54+2,54+2,54+2,54+2,62+2,62+2,62+2,54+2,71+2,77+2,77+2,77+2,71+2,75+2,83+2,83+2,83+2,75+2
223848,https://sofifa.com/player/223848/sergej-milinkovic-savic/20/159586,S. Milinković-Savić,Sergej Milinković-Savić,24,1995-02-27,191,76,Serbia,Lazio,85,90,50500000,73000,"CM, CAM",Right,2,4,4,High/Medium,Normal,Yes,89600000,,RDM,21,,2015-08-06,2023,,,67,79,80,83,77,84,,,,,,,"Selfish, Long Passer (CPU AI Only), Speed Dribbler (CPU AI Only), Crowd Favourite",64,80,86,85,74,86,78,75,85,87,66,67,65,80,59,83,85,85,88,80,73,78,79,85,56,82,75,77,72,7,10,7,16,7,81+2,81+2,81+2,78+2,81+2,81+2,81+2,78+2,82+2,82+2,82+2,79+2,83+2,83+2,83+2,79+2,76+2,80+2,80+2,80+2,76+2,76+2,79+2,79+2,79+2,76+2
231866,https://sofifa.com/player/231866/rodrigo-hernandez-cascante/20/159586,Rodri,Rodrigo Hernández Cascante,23,1996-06-22,191,82,Spain,Manchester City,85,90,47000000,150000,"CDM, CM",Right,2,4,3,Medium/High,Lean,Yes,90500000,,SUB,16,,2019-07-04,2024,SUB,16,67,68,77,77,82,80,,,,,,,,63,64,75,85,59,76,65,54,82,82,68,66,69,82,72,74,69,84,80,76,76,84,75,82,46,85,82,84,78,10,10,7,14,8,73+2,73+2,73+2,74+2,76+2,76+2,76+2,74+2,78+2,78+2,78+2,76+2,81+2,81+2,81+2,76+2,78+2,82+2,82+2,82+2,78+2,78+2,80+2,80+2,80+2,78+2
208421,https://sofifa.com/player/208421/saul-niguez-esclapez/20/159586,Saúl,Saúl Ñíguez Esclápez,24,1994-11-21,184,77,Spain,Atlético Madrid,85,89,49500000,77000,"CM, LM, RM",Left,3,4,3,High/High,Lean,Yes,105200000,#Engine,LCM,8,,2013-07-01,2026,LCM,6,70,78,79,81,78,78,,,,,,,"Beat Offside Trap, Argues with Officials",69,78,83,85,76,81,72,60,83,85,71,70,73,82,69,82,78,87,77,81,69,79,82,82,55,83,77,78,77,7,13,12,10,9,80+3,80+3,80+3,79+3,80+3,80+3,80+3,79+3,81+3,81+3,81+3,79+3,82+3,82+3,82+3,79+3,78+3,80+3,80+3,80+3,78+3,78+3,78+3,78+3,78+3,78+3
209499,https://sofifa.com/player/209499/fabio-henrique-tavares/20/159586,Fabinho,Fábio Henrique Tavares,25,1993-10-23,188,78,Brazil,Liverpool,85,89,45000000,125000,CDM,Right,3,2,3,Medium/High,Lean,Yes,86600000,"#Tackling , #Tactician ",CDM,3,,2018-07-01,2023,,,68,69,78,77,85,83,,,,,,,"Diver, Injury Prone, Leadership",75,66,75,83,47,76,71,53,82,82,67,69,66,84,66,78,75,88,81,65,85,88,70,78,91,84,84,86,85,13,12,6,8,8,73+3,73+3,73+3,74+3,75+3,75+3,75+3,74+3,76+3,76+3,76+3,76+3,80+3,80+3,80+3,76+3,81+3,84+3,84+3,84+3,81+3,81+3,83+3,83+3,83+3,81+3
216267,https://sofifa.com/player/216267/andrew-robertson/20/159586,A. Robertson,Andrew Robertson,25,1994-03-11,178,64,Scotland,Liverpool,85,89,43500000,125000,LB,Left,1,2,3,High/High,Lean,Yes,83700000,#Engine,LB,26,,2017-07-21,2024,LB,3,85,62,77,79,80,75,,,,,,,"Dives Into Tackles (CPU AI Only), Early Crosser",89,57,63,79,32,78,78,30,71,81,83,86,78,84,74,74,62,94,65,65,80,82,76,77,55,79,81,83,80,11,8,10,7,14,71+2,71+2,71+2,77+2,76+2,76+2,76+2,77+2,76+2,76+2,76+2,79+2,78+2,78+2,78+2,79+2,83+2,80+2,80+2,80+2,83+2,82+2,77+2,77+2,77+2,82+2
216460,https://sofifa.com/player/216460/jose-maria-gimenez/20/159586,J. Giménez,José María Giménez de Vargas,24,1995-01-20,185,80,Uruguay,Atlético Madrid,85,89,45000000,69000,CB,Right,2,3,2,Medium/High,Normal,Yes,95600000,#Tackling ,RCB,2,,2013-07-01,2023,,,69,45,52,54,86,82,,,,,,,Injury Prone,47,37,81,69,30,50,36,44,62,60,67,70,54,79,39,72,89,64,88,48,89,85,24,27,38,75,88,86,86,9,11,7,10,15,56+2,56+2,56+2,52+2,52+2,52+2,52+2,52+2,51+2,51+2,51+2,54+2,58+2,58+2,58+2,54+2,71+2,74+2,74+2,74+2,71+2,74+2,83+2,83+2,83+2,74+2
220440,https://sofifa.com/player/220440/clement-lenglet/20/159586,C. Lenglet,Clément Lenglet,24,1995-06-17,186,81,France,FC Barcelona,85,89,45000000,175000,CB,Left,2,4,2,Medium/High,Lean,Yes,95600000,#Tactician ,LCB,15,,2018-07-12,2023,,,75,45,68,65,86,80,,,,,,,Long Passer (CPU AI Only),55,39,82,81,37,57,59,31,75,76,77,74,62,84,60,58,86,75,82,46,80,87,54,66,49,82,90,83,81,10,10,9,12,7,63+2,63+2,63+2,64+2,64+2,64+2,64+2,64+2,66+2,66+2,66+2,67+2,72+2,72+2,72+2,67+2,77+2,81+2,81+2,81+2,77+2,79+2,83+2,83+2,83+2,79+2
212198,https://sofifa.com/player/212198/bruno-miguel-borges-fernandes/20/159586,Bruno Fernandes,Bruno Miguel Borges Fernandes,24,1994-09-08,179,69,Portugal,Sporting CP,85,88,49000000,24000,"CAM, CM",Right,2,4,4,High/High,Lean,No,101700000,"#Playmaker  , #Engine, #Distance Shooter, #Crosser, #FK Specialist, #Complete Midfielder",RCM,8,,2017-07-01,2023,RCM,16,77,83,87,85,65,74,,,,,,,"Avoids Using Weaker Foot, Selfish, Leadership, Argues with Officials, Finesse Shot, Speed Dribbler (CPU AI Only), Crowd Favourite",86,77,58,86,86,85,86,87,87,87,79,76,78,84,79,89,72,92,67,88,70,73,81,88,87,86,66,64,57,12,14,15,8,14,79+2,79+2,79+2,83+2,83+2,83+2,83+2,83+2,84+2,84+2,84+2,84+2,84+2,84+2,84+2,84+2,77+2,77+2,77+2,77+2,77+2,74+2,68+2,68+2,68+2,74+2
199482,https://sofifa.com/player/199482/anthony-lopes/20/159586,A. Lopes,Anthony Lopes,28,1990-10-01,184,81,Portugal,Olympique Lyonnais,85,87,33500000,88000,GK,Left,2,2,1,Medium/Medium,Normal,Yes,66200000,,GK,1,,2011-07-01,2020,,,,,,,,,87,80,75,89,64,84,"Giant Throw-in, Swerve Pass, Acrobatic Clearance",19,18,16,32,13,15,15,14,31,21,63,64,67,84,62,56,82,36,73,18,43,25,9,48,16,65,13,15,13,87,80,75,84,89,,,,,,,,,,,,,,,,,,,,,,,,,,
185122,https://sofifa.com/player/185122/peter-gulacsi/20/159586,P. Gulácsi,Péter Gulácsi,29,1990-05-06,192,86,Hungary,RB Leipzig,85,86,31000000,69000,GK,Right,2,2,1,Medium/Medium,Normal,Yes,55000000,,GK,1,,2015-07-01,2022,GK,1,,,,,,,84,86,81,86,43,84,,16,10,23,29,10,19,18,11,25,25,42,44,41,82,42,61,67,35,74,12,34,23,11,42,24,45,25,16,20,84,86,81,84,86,,,,,,,,,,,,,,,,,,,,,,,,,,
189117,https://sofifa.com/player/189117/roman-burki/20/159586,R. Bürki,Roman Bürki,28,1990-11-14,187,85,Switzerland,Borussia Dortmund,85,86,32000000,92000,GK,Right,3,2,1,Medium/Medium,Normal,Yes,55200000,,GK,1,,2015-07-01,2021,,,,,,,,,86,80,74,89,50,83,,15,8,17,37,13,12,13,12,24,23,44,54,49,83,52,56,74,36,74,14,35,18,10,50,20,58,11,13,16,86,80,74,83,89,,,,,,,,,,,,,,,,,,,,,,,,,,
192505,https://sofifa.com/player/192505/romelu-lukaku/20/159586,R. Lukaku,Romelu Lukaku,26,1993-05-13,190,94,Belgium,Inter,85,86,46000000,115000,ST,Left,3,4,3,Medium/Medium,Stocky,Yes,81700000,#Strength,LS,9,,2019-08-08,2024,ST,9,75,82,73,72,35,84,,,,,,,"Early Crosser, Long Passer (CPU AI Only)",72,84,85,75,77,78,78,66,71,70,64,84,55,84,46,87,71,75,95,74,71,27,86,73,78,81,30,30,30,8,15,14,7,10,81+3,81+3,81+3,76+3,78+3,78+3,78+3,76+3,75+3,75+3,75+3,75+3,70+3,70+3,70+3,75+3,57+3,56+3,56+3,56+3,57+3,54+3,53+3,53+3,53+3,54+3
192774,https://sofifa.com/player/192774/kostas-manolas/20/159586,K. Manolas,Kostas Manolas,28,1991-06-14,189,83,Greece,Napoli,85,86,37500000,105000,CB,Right,3,2,2,Low/High,Normal,No,66600000,"#Tackling , #Tactician ",RCB,44,,2019-07-02,2022,LCB,4,82,25,42,60,86,81,,,,,,,Injury Prone,27,25,80,60,16,54,30,10,61,65,81,83,68,82,60,40,86,72,82,12,86,86,25,22,26,85,87,87,89,8,6,8,15,12,51+3,51+3,51+3,50+3,50+3,50+3,50+3,50+3,50+3,50+3,50+3,53+3,55+3,55+3,55+3,53+3,71+3,74+3,74+3,74+3,71+3,75+3,83+3,83+3,83+3,75+3
194404,https://sofifa.com/player/194404/norberto-murara-neto/20/159586,Neto,Norberto Murara Neto,29,1989-07-19,190,84,Brazil,FC Barcelona,85,86,31000000,175000,GK,Right,2,2,1,Medium/Medium,Lean,Yes,65900000,,SUB,13,,2019-07-09,2023,,,,,,,,,86,81,79,82,54,82,,11,15,14,36,12,19,12,13,41,24,56,52,59,79,49,59,83,41,63,20,40,15,11,42,22,64,17,14,15,86,81,79,82,82,,,,,,,,,,,,,,,,,,,,,,,,,,
197445,https://sofifa.com/player/197445/david-alaba/20/159586,D. Alaba,David Olatukunbo Alaba,27,1992-06-24,180,78,Austria,FC Bayern München,85,86,38000000,135000,"LB, CB",Left,4,4,3,Medium/Medium,Lean,Yes,65600000,,LB,27,,2010-02-10,2021,LM,8,83,73,81,80,80,76,,,,,,,Argues with Officials,82,63,74,82,68,79,78,85,79,82,79,86,78,84,78,85,83,85,74,80,69,82,76,77,79,80,80,80,80,5,7,14,15,9,76+3,76+3,76+3,78+3,78+3,78+3,78+3,78+3,78+3,78+3,78+3,79+3,80+3,80+3,80+3,79+3,81+3,80+3,80+3,80+3,81+3,81+3,78+3,78+3,78+3,81+3
201399,https://sofifa.com/player/201399/mauro-icardi/20/159586,M. Icardi,Mauro Emanuel Icardi Rivero,26,1993-02-19,181,75,Argentina,Inter,85,86,46000000,115000,ST,Right,3,4,3,Medium/Low,Normal,Yes,81700000,#Poacher,RES,36,,2013-07-09,2021,,,75,84,61,77,36,69,,,,,,,"Diver, Long Passer (CPU AI Only), Speed Dribbler (CPU AI Only)",46,89,88,73,85,75,58,45,54,80,76,75,75,85,76,84,94,67,73,70,56,22,92,64,82,79,45,24,20,13,9,5,7,9,83+3,83+3,83+3,75+3,79+3,79+3,79+3,75+3,76+3,76+3,76+3,73+3,67+3,67+3,67+3,73+3,53+3,52+3,52+3,52+3,53+3,51+3,50+3,50+3,50+3,51+3
204963,https://sofifa.com/player/204963/daniel-carvajal-ramos/20/159586,Carvajal,Daniel Carvajal Ramos,27,1992-01-11,173,73,Spain,Real Madrid,85,86,38000000,205000,RB,Right,3,3,3,High/High,Stocky,Yes,80800000,#Engine,RB,2,,2013-07-05,2022,RB,2,81,47,78,81,82,80,,,,,,,,84,41,70,83,34,78,74,47,74,84,79,83,80,84,82,68,77,90,74,36,84,83,75,74,45,82,83,83,85,13,13,15,9,15,68+3,68+3,68+3,74+3,73+3,73+3,73+3,74+3,74+3,74+3,74+3,78+3,77+3,77+3,77+3,78+3,83+3,82+3,82+3,82+3,83+3,83+3,80+3,80+3,80+3,83+3
208670,https://sofifa.com/player/208670/hakim-ziyech/20/159586,H. Ziyech,Hakim Ziyech,26,1993-03-19,181,65,Morocco,Ajax,85,86,45000000,39000,"CAM, RW",Left,3,2,4,High/Medium,Lean,Yes,66400000,"#Playmaker  , #Acrobat",RAM,22,,2016-08-30,2022,,,80,75,86,83,50,66,,,,,,,"Selfish, Leadership, Argues with Officials, Finesse Shot, Speed Dribbler (CPU AI Only), Crowd Favourite",84,73,53,86,74,83,90,78,89,83,83,77,86,84,78,80,37,84,58,77,73,52,82,89,67,77,44,56,40,11,7,11,8,14,76+3,76+3,76+3,82+3,81+3,81+3,81+3,82+3,83+3,83+3,83+3,83+3,81+3,81+3,81+3,83+3,69+3,69+3,69+3,69+3,69+3,66+3,57+3,57+3,57+3,66+3
41236,https://sofifa.com/player/41236/zlatan-ibrahimovic/20/159586,Z. Ibrahimović,Zlatan Ibrahimović,37,1981-10-03,195,95,Sweden,LA Galaxy,85,85,14000000,15000,ST,Right,5,4,5,Medium/Low,Normal,Yes,21000000,"#Poacher, #Aerial Threat, #Distance Shooter, #Strength, #Clinical Finisher, #Complete Forward",ST,9,,2018-03-23,2019,,,56,88,77,77,34,78,,,,,,,"Selfish, Argues with Officials, Long Passer (CPU AI Only), Speed Dribbler (CPU AI Only), Crowd Favourite",70,86,83,77,88,77,80,78,73,84,57,55,72,82,39,90,68,59,87,88,84,20,91,84,89,90,28,37,24,13,15,10,9,12,82+4,82+4,82+4,77+4,80+4,80+4,80+4,77+4,80+4,80+4,80+4,75+4,74+4,74+4,74+4,75+4,53+4,57+4,57+4,57+4,53+4,50+4,52+4,52+4,52+4,50+4
143076,https://sofifa.com/player/143076/alejandro-gomez/20/159586,A. Gómez,Alejandro Darío Gómez,31,1988-02-15,165,68,Argentina,Atalanta,85,85,34000000,92000,"CAM, CF, ST",Right,3,4,4,High/Medium,Normal,No,57800000,#Acrobat,CAM,10,,2014-09-02,2022,,,89,78,81,86,39,55,,,,,,,"Argues with Officials, Crowd Favourite",81,79,38,81,72,85,79,79,74,85,94,85,92,81,94,76,70,70,46,79,56,40,82,85,72,84,50,30,34,8,11,12,9,6,75+3,75+3,75+3,83+3,82+3,82+3,82+3,83+3,83+3,83+3,83+3,82+3,76+3,76+3,76+3,82+3,64+3,60+3,60+3,60+3,64+3,60+3,48+3,48+3,48+3,60+3
167664,https://sofifa.com/player/167664/gonzalo-higuain/20/159586,G. Higuaín,Gonzalo Gerardo Higuaín,31,1987-12-10,186,89,Argentina,Juventus,85,85,34500000,175000,ST,Right,4,4,3,High/Medium,Normal,Yes,56900000,#Clinical Finisher,SUB,21,,2016-07-26,2021,,,63,85,71,80,31,71,,,,,,,"Argues with Officials, Speed Dribbler (CPU AI Only), Skilled Dribbling",68,88,77,75,88,80,74,62,60,84,62,64,72,86,69,86,78,60,84,80,50,20,90,75,70,85,35,22,18,5,12,7,5,10,82+3,82+3,82+3,78+3,81+3,81+3,81+3,78+3,78+3,78+3,78+3,75+3,70+3,70+3,70+3,75+3,53+3,52+3,52+3,52+3,53+3,49+3,47+3,47+3,47+3,49+3